INSERT INTO user (type, id, first_name, last_name)
VALUES (0, 1, 'John', 'Doe'),
       (1, 2, 'Alice', 'Smith'),
       (2, 3, 'Bob', 'Johnson'),
       (0, 4, 'Sarah', 'Johnson'),
       (1, 6, 'Michael', 'Smith'),
       (2, 7, 'Emily', 'Davis'),
       (0, 8, 'Jason', 'Brown'),
       (1, 9, 'Linda', 'Clark'),
       (2, 10, 'Brian', 'Lee'),
       (0, 11, 'Jessica', 'Wright'),
       (1, 12, 'Samuel', 'Hall'),
       (2, 13, 'Samantha', 'Turner'),
       (0, 14, 'Peter', 'Harris'),
       (1, 15, 'Catherine', 'Baker'),
       (2, 16, 'Kevin', 'Fisher'),
       (0, 17, 'Laura', 'Cook'),
       (1, 18, 'Daniel', 'Murphy'),
       (2, 19, 'Michelle', 'Bryant'),
       (0, 20, 'Jason', 'Alexander'),
       (1, 21, 'Katherine', 'Cruz'),
       (2, 22, 'George', 'Parker'),
       (0, 23, 'Sophia', 'Mitchell');


INSERT INTO hotel (stars, user_id, id, city, country, name, number, street_name)
VALUES (4, 1, 1, 'Gdańsk', 'Polska', 'Grano', '5', 'Pszenna'),
       (5, 3, 2, 'Gdańsk', 'Polska', 'Królewski', '5', 'Pszenna'),
       (3, 2, 3, 'Warszawa', 'Polska', 'Centralny Hotel', '10', 'Krakowska'),
       (4, 1, 4, 'Warszawa', 'Polska', 'Luksusowy Hotel', '123', 'Aleje Jerozolimskie'),
       (5, 3, 5, 'Kraków', 'Polska', 'Hotel Krakowski', '45', 'Krakowska'),
       (3, 2, 6, 'Gdańsk', 'Polska', 'Bałtyk Hotel', '11', 'Zimowa'),
       (4, 1, 7, 'Wrocław', 'Polska', 'Wrocławska Rezydencja', '55', 'Rynek'),
       (5, 3, 8, 'Poznań', 'Polska', 'Poznań Plaza', '21', 'Główna'),
       (3, 2, 9, 'Szczecin', 'Polska', 'Portowy Hotel', '88', 'Maritima'),
       (4, 1, 10, 'Lublin', 'Polska', 'Lubelski Palace', '34', 'Zamkowa'),
       (5, 3, 11, 'Katowice', 'Polska', 'Katowicki Luksus', '76', 'Śląska'),
       (3, 2, 12, 'Łódź', 'Polska', 'Łódzki Dwór', '92', 'Piotrkowska'),
       (4, 1, 13, 'Rzeszów', 'Polska', 'Podkarpacki Hotel', '14', 'Piłsudskiego'),
       (5, 3, 14, 'Bydgoszcz', 'Polska', 'Bydgoski Pałac', '66', 'Gdańska'),
       (3, 2, 15, 'Gdynia', 'Polska', 'Nadmorski Hotel', '37', 'Świętojańska'),
       (4, 1, 16, 'Częstochowa', 'Polska', 'Jasna Góra Residence', '99', 'Aptekarska'),
       (5, 3, 17, 'Opole', 'Polska', 'Opolski Grand', '50', 'Kołłątaja'),
       (3, 2, 18, 'Kielce', 'Polska', 'Kielecka Arkadia', '19', 'Sienkiewicza'),
       (4, 1, 19, 'Zakopane', 'Polska', 'Tatrzańska Ostoja', '73', 'Królewska'),
       (5, 3, 20, 'Sopot', 'Polska', 'Sopockie Apartamenty', '25', 'Monte Cassino'),
       (3, 2, 21, 'Białystok', 'Polska', 'Podlaska Rezydencja', '62', 'Warszawska'),
       (4, 1, 22, 'Toruń', 'Polska', 'Toruńska Kamienica', '84', 'Mała'),
       (5, 3, 23, 'Olsztyn', 'Polska', 'Mazurski Dwór', '31', 'Żeglarska');

INSERT INTO reservation (check_in, check_out, id)
VALUES ('2023-09-10', '2023-09-15', 1),
       ('2023-10-05', '2023-10-10', 2),
       ('2023-11-20', '2023-11-25', 3),
       ('2023-12-10', '2023-12-15', 4),
       ('2023-12-30', '2024-01-05', 5),
       ('2024-01-10', '2024-01-15', 6),
       ('2024-01-20', '2024-01-25', 7),
       ('2024-01-30', '2024-02-05', 8),
       ('2024-02-10', '2024-02-15', 9),
       ('2024-02-20', '2024-02-25', 10),
       ('2024-02-29', '2024-03-05', 11),
       ('2024-03-10', '2024-03-15', 12),
       ('2024-03-20', '2024-03-25', 13),
       ('2024-03-30', '2024-04-05', 14),
       ('2024-04-10', '2024-04-15', 15),
       ('2024-04-20', '2024-04-25', 16),
       ('2024-04-30', '2024-05-05', 17),
       ('2024-05-10', '2024-05-15', 18),
       ('2024-05-20', '2024-05-25', 19),
       ('2024-05-30', '2024-06-05', 20),
       ('2024-06-10', '2024-06-15', 21),
       ('2024-06-20', '2024-06-25', 22),
       ('2024-06-30', '2024-07-05', 23),
       ('2024-07-10', '2024-07-15', 24),
       ('2024-07-20', '2024-07-25', 25),
       ('2024-07-30', '2024-08-05', 26),
       ('2024-08-10', '2024-08-15', 27),
       ('2024-08-20', '2024-08-25', 28),
       ('2024-08-30', '2024-09-05', 29),
       ('2024-09-10', '2024-09-15', 30),
       ('2024-09-20', '2024-09-25', 31),
       ('2024-09-30', '2024-10-05', 32),
       ('2024-10-10', '2024-10-15', 33);

INSERT INTO room (room_capacity, cost, room_number, room_type, hotel_id, id)
VALUES (2, 150.00, 101, 1, 1, 1),
       (1, 100.00, 102, 0, 1, 2),
       (3, 200.00, 201, 2, 1, 3),
       (2, 150.00, 101, 1, 1, 4),
       (1, 100.00, 102, 0, 1, 5),
       (3, 200.00, 201, 2, 1, 6),
       (2, 170.00, 103, 0, 1, 7),
       (3, 190.00, 202, 1, 1, 8),
       (2, 220.00, 203, 2, 1, 9),
       (1, 120.00, 104, 0, 1, 10),
       (2, 180.00, 204, 1, 1, 11),
       (1, 110.00, 105, 0, 1, 12),
       (3, 210.00, 205, 2, 1, 13),
       (2, 160.00, 106, 0, 1, 14),
       (1, 90.00, 206, 1, 1, 15),
       (2, 140.00, 207, 0, 1, 16),
       (3, 230.00, 107, 2, 1, 17),
       (2, 200.00, 208, 1, 1, 18),
       (1, 110.00, 108, 0, 1, 19),
       (3, 220.00, 209, 2, 1, 20),
       (2, 190.00, 109, 0, 2, 21),
       (1, 80.00, 210, 1, 2, 22),
       (2, 150.00, 101, 1, 2, 23),
       (1, 100.00, 102, 0, 2, 24),
       (3, 200.00, 201, 2, 2, 25),
       (2, 150.00, 101, 1, 2, 26),
       (1, 100.00, 102, 0, 2, 27),
       (3, 200.00, 201, 2, 2, 28),
       (2, 170.00, 103, 0, 2, 29),
       (3, 190.00, 202, 1, 2, 30),
       (2, 220.00, 203, 2, 2, 31),
       (1, 120.00, 104, 0, 2, 32),
       (2, 180.00, 204, 1, 2, 33),
       (1, 110.00, 105, 0, 2, 34),
       (3, 210.00, 205, 2, 2, 35),
       (2, 160.00, 106, 0, 2, 36),
       (1, 90.00, 206, 1, 2, 37),
       (2, 140.00, 207, 0, 2, 38),
       (3, 230.00, 107, 2, 2, 39),
       (2, 200.00, 208, 1, 2, 40),
       (2, 150.00, 101, 1, 3, 41),
       (1, 100.00, 102, 0, 3, 42),
       (3, 200.00, 201, 2, 3, 43),
       (2, 150.00, 101, 1, 3, 44),
       (1, 100.00, 102, 0, 3, 45),
       (3, 200.00, 201, 2, 3, 46),
       (2, 170.00, 103, 0, 3, 47),
       (3, 190.00, 202, 1, 4, 48),
       (2, 220.00, 203, 2, 4, 49),
       (1, 120.00, 104, 0, 4, 50),
       (2, 180.00, 204, 1, 4, 51),
       (1, 110.00, 105, 0, 4, 52),
       (3, 210.00, 205, 2, 4, 53),
       (2, 160.00, 106, 0, 4, 54),
       (1, 90.00, 206, 1, 4, 55),
       (2, 140.00, 207, 0, 5, 56),
       (3, 230.00, 107, 2, 6, 57),
       (2, 200.00, 208, 1, 5, 58),
       (1, 110.00, 108, 0, 5, 59),
       (3, 220.00, 209, 2, 5, 60),
       (2, 190.00, 109, 0, 5, 61),
       (1, 80.00, 210, 1, 5, 62),
       (2, 150.00, 101, 1, 5, 63),
       (1, 100.00, 102, 0, 6, 64),
       (3, 200.00, 201, 2, 6, 65),
       (2, 150.00, 101, 1, 6, 66),
       (1, 100.00, 102, 0, 6, 67),
       (3, 200.00, 201, 2, 6, 68),
       (2, 170.00, 103, 0, 6, 69),
       (3, 190.00, 202, 1, 6, 70),
       (2, 220.00, 203, 2, 6, 71),
       (1, 120.00, 104, 0, 6, 72),
       (2, 180.00, 204, 1, 7, 73),
       (1, 110.00, 105, 0, 7, 74),
       (3, 210.00, 205, 2, 7, 75),
       (2, 160.00, 106, 0, 7, 76),
       (1, 90.00, 206, 1, 7, 77),
       (2, 140.00, 207, 0, 7, 78),
       (3, 230.00, 107, 2, 7, 79),
       (2, 200.00, 208, 1, 7, 80),
       (2, 190.00, 109, 0, 8, 81),
       (1, 80.00, 210, 1, 8, 82),
       (2, 150.00, 101, 1, 8, 83),
       (1, 100.00, 102, 0, 8, 84),
       (3, 200.00, 201, 2, 8, 85),
       (2, 150.00, 101, 1, 8, 86),
       (1, 100.00, 102, 0, 8, 87),
       (3, 200.00, 201, 2, 9, 88),
       (2, 170.00, 103, 0, 9, 89),
       (3, 190.00, 202, 1, 9, 90),
       (2, 220.00, 203, 2, 9, 91),
       (1, 120.00, 104, 0, 9, 92),
       (2, 180.00, 204, 1, 9, 93),
       (1, 110.00, 105, 0, 10, 94),
       (3, 210.00, 205, 2, 10, 95),
       (2, 160.00, 106, 0, 10, 96),
       (1, 90.00, 206, 1, 10, 97),
       (2, 140.00, 207, 0, 10, 98),
       (3, 230.00, 107, 2, 11, 99),
       (2, 200.00, 208, 1, 11, 100),
       (2, 150.00, 101, 1, 11, 101),
       (1, 100.00, 102, 0, 11, 102),
       (3, 200.00, 201, 2, 12, 103),
       (2, 150.00, 101, 1, 12, 104),
       (1, 100.00, 102, 0, 12, 105),
       (3, 200.00, 201, 2, 12, 106),
       (2, 170.00, 103, 0, 12, 107),
       (3, 190.00, 202, 1, 12, 108),
       (2, 220.00, 203, 2, 13, 109),
       (1, 120.00, 104, 0, 14, 110),
       (2, 180.00, 204, 1, 14, 111),
       (1, 110.00, 105, 0, 14, 112),
       (3, 210.00, 205, 2, 14, 113),
       (2, 160.00, 106, 0, 14, 114),
       (1, 90.00, 206, 1, 14, 115),
       (2, 140.00, 207, 0, 15, 116),
       (3, 230.00, 107, 2, 16, 117),
       (2, 200.00, 208, 1, 15, 118),
       (1, 110.00, 108, 0, 15, 119),
       (3, 220.00, 209, 2, 15, 120),
       (2, 190.00, 109, 0, 15, 121),
       (1, 80.00, 210, 1, 15, 122),
       (2, 150.00, 101, 1, 15, 123),
       (1, 100.00, 102, 0, 16, 124),
       (3, 200.00, 201, 2, 16, 125),
       (2, 150.00, 101, 1, 16, 126),
       (1, 100.00, 102, 0, 16, 127),
       (3, 200.00, 201, 2, 16, 128),
       (2, 170.00, 103, 0, 16, 129),
       (3, 190.00, 202, 1, 16, 130),
       (2, 220.00, 203, 2, 16, 131),
       (1, 120.00, 104, 0, 16, 132),
       (2, 180.00, 204, 1, 17, 133),
       (1, 110.00, 105, 0, 17, 134),
       (3, 210.00, 205, 2, 17, 135),
       (2, 160.00, 106, 0, 17, 136),
       (1, 90.00, 206, 1, 17, 137),
       (2, 140.00, 207, 0, 17, 138),
       (3, 230.00, 107, 2, 18, 139),
       (2, 200.00, 208, 1, 18, 140),
       (2, 200.00, 208, 1, 18, 141),
       (3, 220.00, 209, 2, 18, 142),
       (2, 180.00, 204, 1, 19, 143),
       (1, 110.00, 105, 0, 20, 144),
       (3, 210.00, 205, 2, 20, 145),
       (2, 160.00, 106, 0, 20, 146),
       (1, 90.00, 206, 1, 20, 147),
       (2, 140.00, 207, 0, 20, 148),
       (3, 230.00, 107, 2, 21, 149),
       (2, 200.00, 208, 1, 21, 150),
       (2, 150.00, 101, 1, 21, 151),
       (1, 100.00, 102, 0, 21, 152),
       (3, 200.00, 201, 2, 22, 153),
       (2, 150.00, 101, 1, 22, 154),
       (1, 100.00, 102, 0, 22, 155),
       (3, 200.00, 201, 2, 22, 156),
       (2, 170.00, 103, 0, 22, 157),
       (3, 190.00, 202, 1, 22, 158),
       (2, 220.00, 203, 2, 23, 159),
       (1, 120.00, 104, 0, 23, 160),
       (2, 180.00, 204, 1, 23, 161),
       (1, 110.00, 105, 0, 13, 162),
       (3, 210.00, 205, 2, 13, 163),
       (2, 160.00, 106, 0, 13, 164),
       (2, 180.00, 204, 1, 19, 165),
       (1, 110.00, 105, 0, 19, 166),
       (3, 210.00, 205, 2, 19, 167),
       (2, 160.00, 106, 0, 19, 168);


INSERT INTO guest (child, type, id, reservation_id, first_name, last_name)
VALUES (FALSE, 0, 1, 1, 'Jan', 'Kowalski'),
       (TRUE, 1, 2, 2, 'Anna', 'Nowak'),
       (FALSE, 2, 3, 3, 'Marek', 'Wiśniewski'),
       (FALSE, 0, 4, 3, 'Mark', 'Taylor'),
       (TRUE, 1, 5, 4, 'Sophie', 'Clark'),
       (FALSE, 2, 6, 5, 'Oliver', 'Hall'),
       (FALSE, 0, 7, 6, 'Chloe', 'Johnson'),
       (TRUE, 1, 8, 7, 'William', 'Smith'),
       (FALSE, 2, 9, 8, 'Liam', 'Anderson'),
       (FALSE, 0, 10, 9, 'Zoe', 'Turner'),
       (TRUE, 1, 11, 10, 'Ella', 'Brown'),
       (FALSE, 2, 12, 11, 'Lucas', 'Davis'),
       (FALSE, 0, 13, 12, 'Grace', 'Miller'),
       (TRUE, 1, 14, 13, 'Aiden', 'Wright'),
       (FALSE, 2, 15, 14, 'Emma', 'Taylor'),
       (FALSE, 0, 16, 15, 'Caleb', 'Baker'),
       (TRUE, 1, 17, 16, 'Madison', 'Fisher'),
       (FALSE, 2, 18, 17, 'Henry', 'Mitchell'),
       (FALSE, 0, 19, 18, 'Olivia', 'Anderson'),
       (TRUE, 1, 20, 19, 'Mason', 'Harris'),
       (FALSE, 2, 21, 20, 'Abigail', 'Garcia'),
       (FALSE, 0, 22, 21, 'Elijah', 'Thomas'),
       (TRUE, 1, 23, 22, 'Natalie', 'Walker');

INSERT INTO reservation_room (room_id, reservation_id)
VALUES (1, 4),
       (2, 4),
       (3, 5),
       (4, 5),
       (5, 6),
       (6, 6),
       (7, 7),
       (8, 8),
       (9, 9),
       (10, 10),
       (11, 11),
       (12, 11),
       (13, 12),
       (14, 13),
       (15, 14),
       (16, 15),
       (17, 16),
       (18, 17),
       (1, 18),
       (2, 19),
       (3, 20),
       (4, 21),
       (5, 22),
       (6, 23),
       (7, 24),
       (8, 25),
       (9, 26),
       (10, 27),
       (11, 28),
       (12, 29),
       (13, 30),
       (14, 31),
       (15, 32),
       (16, 33);


INSERT INTO extra (id, cost, description)
VALUES (1, 22, 'Baby Crib'),
       (2, 55, 'Upgrade mini bar'),
       (3, 11, 'Free electric bike'),
       (4, 116, 'Breakfast'),
       (5, 70, 'Parking spot'),
       (6, 64, 'Free pool'),
       (7, 30, 'Extra Pillow'),
       (8, 45, 'Late Checkout'),
       (9, 20, 'Room Service'),
       (10, 18, 'Daily Newspaper'),
       (11, 60, 'Airport Transfer'),
       (12, 25, 'Fitness Center Access'),
       (13, 35, 'Bathrobe and Slippers'),
       (14, 40, 'Welcome Champagne'),
       (15, 50, 'Dinner Voucher'),
       (16, 22, 'Fruit Basket');


INSERT INTO extras_room (extras_id, room_id)
VALUES
    (4, 1), (2, 1), (6, 1), (7, 1),
    (4, 2), (5, 2), (6, 2), (7, 2),
    (4, 3), (5, 3), (6, 3), (7, 3),
    (4, 4), (2, 4), (6, 4), (7, 4),
    (4, 5), (2, 5), (6, 5), (7, 5),
    (4, 6), (5, 6), (6, 6), (7, 6),
    (4, 7), (5, 7), (6, 7), (7, 7),
    (4, 8), (2, 8), (6, 8), (7, 8),
    (4, 9), (5, 9), (6, 9), (7, 9),
    (4, 10), (5, 10), (6, 10), (7, 10);

INSERT INTO extras_room (extras_id, room_id)
VALUES
    (4, 11), (5, 11), (6, 11), (7, 11),
    (4, 12), (5, 12), (6, 12), (7, 12),
    (4, 13), (5, 13), (6, 13), (7, 13),
    (4, 14), (5, 14), (6, 14), (7, 14),
    (4, 15), (2, 15), (6, 15), (7, 15),
    (4, 16), (5, 16), (6, 16), (7, 16),
    (4, 17), (5, 17), (6, 17), (7, 17),
    (4, 18), (2, 18), (6, 18), (7, 18),
    (4, 19), (2, 19), (6, 19), (7, 19),
    (4, 20), (2, 20), (6, 20), (7, 20),
    (4, 21), (5, 21), (6, 21), (7, 21),
    (4, 22), (5, 22), (6, 22), (7, 22),
    (4, 23), (5, 23), (6, 23), (7, 23),
    (4, 24), (5, 24), (6, 24), (7, 24),
    (4, 25), (5, 25), (6, 25), (7, 25),
    (4, 26), (5, 26), (6, 26), (7, 26),
    (4, 27), (2, 27), (6, 27), (7, 27),
    (4, 28), (2, 28), (6, 28), (7, 28),
    (4, 29), (2, 29), (6, 29), (7, 29),
    (4, 30), (5, 30), (6, 30), (7, 30);

INSERT INTO extras_room (extras_id, room_id)
VALUES
    (4, 31), (5, 31), (6, 31), (7, 31),
    (4, 32), (5, 32), (6, 32), (7, 32),
    (4, 33), (5, 33), (6, 33), (7, 33),
    (4, 34), (5, 34), (6, 34), (7, 34),
    (4, 35), (5, 35), (6, 35), (7, 35),
    (4, 36), (5, 36), (6, 36), (7, 36),
    (4, 37), (5, 37), (6, 37), (7, 37),
    (4, 38), (5, 38), (6, 38), (7, 38),
    (4, 39), (5, 39), (6, 39), (7, 39),
    (4, 40), (5, 40), (6, 40), (7, 40),
    (4, 41), (5, 41), (6, 41), (7, 41),
    (4, 42), (5, 42), (6, 42), (7, 42),
    (4, 43), (5, 43), (6, 43), (7, 43),
    (4, 44), (5, 44), (6, 44), (7, 44),
    (4, 45), (5, 45), (6, 45), (7, 45),
    (4, 46), (5, 46), (6, 46), (7, 46),
    (4, 47), (5, 47), (6, 47), (7, 47),
    (4, 48), (5, 48), (6, 48), (7, 48),
    (4, 49), (2, 49), (6, 49), (7, 49),
    (4, 50), (5, 50), (6, 50), (7, 50),
    (4, 51), (2, 51), (6, 51), (7, 51),
    (4, 52), (2, 52), (6, 52), (7, 52),
    (4, 53), (5, 53), (6, 53), (7, 53),
    (4, 54), (5, 54), (6, 54), (7, 54),
    (4, 55), (5, 55), (6, 55), (7, 55),
    (1, 56), (5, 56), (6, 56), (7, 56),
    (1, 57), (5, 57), (6, 57), (7, 57),
    (1, 58), (5, 58), (6, 58), (7, 58),
    (4, 59), (5, 59), (6, 59), (7, 59),
    (4, 60), (5, 60), (6, 60), (7, 60),
    (4, 61), (5, 61), (6, 61), (7, 61);

INSERT INTO extras_room (extras_id, room_id)
VALUES
    (4, 62), (5, 62), (6, 62), (7, 62),
    (4, 63), (5, 63), (6, 63), (7, 63),
    (4, 64), (5, 64), (6, 64), (7, 64),
    (4, 65), (5, 65), (6, 65), (7, 65),
    (4, 66), (5, 66), (6, 66), (7, 66),
    (4, 67), (5, 67), (6, 67), (7, 67),
    (4, 68), (5, 68), (6, 68), (7, 68),
    (4, 69), (5, 69), (6, 69), (7, 69),
    (4, 70), (5, 70), (6, 70), (7, 70),
    (4, 71), (5, 71), (6, 71), (7, 71),
    (4, 72), (5, 72), (6, 72), (7, 72),
    (4, 73), (5, 73), (6, 73), (7, 73),
    (1, 74), (5, 74), (6, 74), (7, 74),
    (1, 75), (5, 75), (6, 75), (7, 75),
    (1, 76), (5, 76), (6, 76), (7, 76),
    (1, 77), (5, 77), (6, 77), (7, 77),
    (1, 78), (5, 78), (6, 78), (7, 78),
    (4, 79), (5, 79), (6, 79), (7, 79),
    (4, 80), (5, 80), (6, 80), (7, 80),
    (4, 81), (5, 81), (6, 81), (7, 81),
    (4, 82), (5, 82), (6, 82), (7, 82),
    (4, 83), (5, 83), (6, 83), (7, 83),
    (4, 84), (5, 84), (6, 84), (7, 84),
    (4, 85), (5, 85), (6, 85), (7, 85),
    (4, 86), (5, 86), (6, 86), (7, 86),
    (4, 87), (5, 87), (6, 87), (7, 87),
    (4, 88), (5, 88), (6, 88), (7, 88),
    (4, 89), (5, 89), (6, 89), (7, 89),
    (4, 90), (5, 90), (6, 90), (7, 90),
    (4, 91), (5, 91), (6, 91), (7, 91),
    (4, 92), (5, 92), (6, 92), (7, 92),
    (4, 93), (5, 93), (6, 93), (7, 93),
    (4, 94), (5, 94), (6, 94), (7, 94),
    (4, 95), (5, 95), (6, 95), (7, 95),
    (4, 96), (5, 96), (6, 96), (7, 96),
    (1, 97), (5, 97), (6, 97), (7, 97),
    (4, 98), (5, 98), (6, 98), (7, 98),
    (4, 99), (5, 99), (6, 99), (7, 99),
    (1, 100), (5, 100), (6, 100), (7, 100),
    (1, 101), (5, 101), (6, 101), (7, 101),
    (1, 102), (5, 102), (6, 102), (7, 102),
    (4, 103), (5, 103), (6, 103), (7, 103),
    (4, 104), (5, 104), (6, 104), (7, 104),
    (1, 105), (5, 105), (6, 105), (7, 105),
    (4, 106), (5, 106), (6, 106), (7, 106),
    (4, 107), (5, 107), (6, 107), (7, 107),
    (4, 108), (5, 108), (6, 108), (7, 108),
    (4, 109), (5, 109), (6, 109), (7, 109),
    (4, 110), (5, 110), (6, 110), (7, 110);


INSERT INTO extras_room (extras_id, room_id)
VALUES
    (1, 111), (5, 111), (6, 111), (7, 111),
    (1, 112), (5, 112), (6, 112), (7, 112),
    (1, 113), (5, 113), (6, 113), (7, 113),
    (1, 114), (5, 114), (6, 114), (7, 114),
    (1, 115), (5, 115), (6, 115), (7, 115),
    (1, 116), (5, 116), (6, 116), (7, 116),
    (4, 117), (5, 117), (6, 117), (7, 117),
    (4, 118), (5, 118), (6, 118), (7, 118),
    (4, 119), (5, 119), (6, 119), (7, 119),
    (4, 120), (5, 120), (6, 120), (7, 120),
    (4, 121), (5, 121), (6, 121), (7, 121),
    (4, 122), (5, 122), (6, 122), (7, 122),
    (4, 123), (5, 123), (6, 123), (7, 123),
    (4, 124), (5, 124), (6, 124), (7, 124),
    (4, 125), (5, 125), (6, 125), (7, 125),
    (4, 126), (5, 126), (6, 126), (7, 126),
    (4, 127), (5, 127), (6, 127), (7, 127),
    (4, 128), (5, 128), (6, 128), (7, 128),
    (4, 129), (5, 129), (6, 129), (7, 129),
    (4, 130), (5, 130), (6, 130), (7, 130),
    (4, 131), (5, 131), (6, 131), (7, 131),
    (4, 132), (5, 132), (6, 132), (7, 132),
    (4, 133), (5, 133), (6, 133), (7, 133),
    (1, 134), (5, 134), (6, 134), (7, 134),
    (4, 135), (5, 135), (6, 135), (7, 135),
    (1, 136), (5, 136), (6, 136), (7, 136),
    (4, 137), (5, 137), (6, 137), (7, 137),
    (4, 138), (5, 138), (6, 138), (7, 138),
    (1, 139), (5, 139), (6, 139), (7, 139),
    (4, 140), (5, 140), (6, 140), (7, 140),
    (4, 141), (5, 141), (6, 141), (7, 141),
    (4, 142), (5, 142), (6, 142), (7, 142),
    (4, 143), (5, 143), (6, 143), (7, 143),
    (4, 144), (5, 144), (6, 144), (7, 144),
    (4, 145), (5, 145), (6, 145), (7, 145),
    (4, 146), (5, 146), (6, 146), (7, 146),
    (4, 147), (5, 147), (6, 147), (7, 147),
    (4, 148), (5, 148), (6, 148), (7, 148),
    (4, 149), (5, 149), (6, 149), (7, 149),
    (4, 150), (5, 150), (6, 150), (7, 150),
    (4, 151), (5, 151), (6, 151), (7, 151),
    (4, 152), (5, 152), (6, 152), (7, 152),
    (4, 153), (5, 153), (6, 153), (7, 153),
    (4, 154), (5, 154), (6, 154), (7, 154),
    (4, 155), (5, 155), (6, 155), (7, 155),
    (4, 156), (5, 156), (6, 156), (7, 156),
    (4, 157), (5, 157), (6, 157), (7, 157),
    (4, 158), (5, 158), (6, 158), (7, 158),
    (4, 159), (5, 159), (6, 159), (7, 159),
    (4, 160), (5, 160), (6, 160), (7, 160),
    (4, 161), (5, 161), (1, 161), (2, 161),
    (4, 162), (5, 162), (6, 163), (7, 163),
    (4, 164), (5, 164), (6, 164), (7, 164),
    (4, 165), (5, 165), (6, 165), (7, 165),
    (4, 166), (5, 166), (6, 166), (7, 166),
    (4, 167), (5, 167), (6, 167), (7, 167),
    (4, 168), (5, 168), (6, 168), (7, 168);
